{"cameraMode":{"drawMode":0,"name":"Shaded","section":"Shading Mode"},"sceneLighting":false,"audioPlay":false,"sceneViewState":{"showFog":true,"showMaterialUpdate":true,"showSkybox":false,"showFlares":true,"showImageEffects":true,"showParticleSystems":true},"in2DMode":false,"pivot":{"x":-0.01244974136352539,"y":-1.1034175157546998,"z":0.25922173261642458},"rotation":{"x":0.11565788835287094,"y":0.5444021821022034,"z":-0.0761064663529396,"w":0.8273205161094666},"size":2.338935136795044,"orthographic":false}