{"cameraMode":{"drawMode":0,"name":"Shaded","section":"Shading Mode"},"sceneLighting":false,"audioPlay":false,"sceneViewState":{"showFog":true,"showMaterialUpdate":true,"showSkybox":false,"showFlares":true,"showImageEffects":true,"showParticleSystems":true},"in2DMode":false,"pivot":{"x":-1.3450016975402833,"y":2.167025089263916,"z":0.31160736083984377},"rotation":{"x":0.07341066002845764,"y":-0.5746232867240906,"z":0.05185602977871895,"w":0.8134677410125732},"size":5.96547269821167,"orthographic":false}