{"cameraMode":{"drawMode":0,"name":"Shaded","section":"Shading Mode"},"sceneLighting":false,"audioPlay":false,"sceneViewState":{"showFog":true,"showMaterialUpdate":true,"showSkybox":false,"showFlares":true,"showImageEffects":true,"showParticleSystems":true},"in2DMode":false,"pivot":{"x":-0.03260672092437744,"y":-0.4443298578262329,"z":1.4035993814468384},"rotation":{"x":-0.03939773887395859,"y":0.09876087307929993,"z":0.003913171123713255,"w":0.9943233132362366},"size":2.9788827896118166,"orthographic":false}