{"cameraMode":{"drawMode":0,"name":"Shaded","section":"Shading Mode"},"sceneLighting":true,"audioPlay":false,"sceneViewState":{"showFog":true,"showMaterialUpdate":true,"showSkybox":true,"showFlares":true,"showImageEffects":true,"showParticleSystems":true},"in2DMode":false,"pivot":{"x":-2.6983885765075685,"y":-55.53326416015625,"z":2.395287036895752},"rotation":{"x":0.6698688864707947,"y":-0.02115064673125744,"z":0.019096484407782556,"w":0.7419336438179016},"size":78.39653778076172,"orthographic":false}