{"cameraMode":{"drawMode":0,"name":"Shaded","section":"Shading Mode"},"sceneLighting":false,"audioPlay":false,"sceneViewState":{"showFog":true,"showMaterialUpdate":true,"showSkybox":false,"showFlares":true,"showImageEffects":true,"showParticleSystems":true},"in2DMode":false,"pivot":{"x":-0.8923890590667725,"y":0.2630455493927002,"z":0.858959436416626},"rotation":{"x":-0.2908225655555725,"y":-0.11501936614513397,"z":0.03524113819003105,"w":-0.9491885900497437},"size":5.739068031311035,"orthographic":false}