{"cameraMode":{"drawMode":0,"name":"Shaded","section":"Shading Mode"},"sceneLighting":false,"audioPlay":false,"sceneViewState":{"showFog":true,"showMaterialUpdate":true,"showSkybox":false,"showFlares":true,"showImageEffects":true,"showParticleSystems":true},"in2DMode":false,"pivot":{"x":0.31418609619140627,"y":2.083510637283325,"z":0.2727895975112915},"rotation":{"x":-0.16763556003570558,"y":-0.79509037733078,"z":0.25408414006233218,"w":-0.5245711207389832},"size":4.9968647956848148,"orthographic":false}