{"cameraMode":{"drawMode":0,"name":"Shaded","section":"Shading Mode"},"sceneLighting":false,"audioPlay":false,"sceneViewState":{"showFog":true,"showMaterialUpdate":true,"showSkybox":false,"showFlares":true,"showImageEffects":true,"showParticleSystems":true},"in2DMode":false,"pivot":{"x":-0.7188692092895508,"y":-1.340036392211914,"z":-0.6092842817306519},"rotation":{"x":0.12094339728355408,"y":0.3659244477748871,"z":-0.048026133328676227,"w":0.9215022921562195},"size":2.798103094100952,"orthographic":false}