{"cameraMode":{"drawMode":0,"name":"Shaded","section":"Shading Mode"},"sceneLighting":false,"audioPlay":false,"sceneViewState":{"showFog":true,"showMaterialUpdate":true,"showSkybox":false,"showFlares":true,"showImageEffects":true,"showParticleSystems":true},"in2DMode":false,"pivot":{"x":1.072343111038208,"y":0.6849699020385742,"z":-0.940330982208252},"rotation":{"x":0.19718007743358613,"y":0.3711659014225006,"z":-0.08098381012678147,"w":0.9037792682647705},"size":7.179944038391113,"orthographic":false}