{"cameraMode":{"drawMode":0,"name":"Shaded","section":"Shading Mode"},"sceneLighting":false,"audioPlay":false,"sceneViewState":{"showFog":true,"showMaterialUpdate":true,"showSkybox":false,"showFlares":true,"showImageEffects":true,"showParticleSystems":true},"in2DMode":false,"pivot":{"x":1.093936562538147,"y":-0.13468778133392335,"z":0.4568614959716797},"rotation":{"x":0.11575102061033249,"y":0.33562660217285159,"z":-0.04159651696681976,"w":0.9339366555213928},"size":4.0578837394714359,"orthographic":false}