{"cameraMode":{"drawMode":0,"name":"Shaded","section":"Shading Mode"},"sceneLighting":false,"audioPlay":false,"sceneViewState":{"showFog":true,"showMaterialUpdate":true,"showSkybox":false,"showFlares":true,"showImageEffects":true,"showParticleSystems":true},"in2DMode":false,"pivot":{"x":0.3339104652404785,"y":0.45795345306396487,"z":0.2691453695297241},"rotation":{"x":0.12605002522468568,"y":0.6324464678764343,"z":-0.1053110882639885,"w":0.7569918036460877},"size":1.7805657386779786,"orthographic":false}